PicName,Likes,Dislikes,Loves,Hated,Shared,Downloads
Coffee,766,7,8,8,0,4
Precious Moments,76,8,9,89,9,54
Camping with You,75,9,7,8,78,5
Eating Donuts,7,6,5,67,68,45
Gingerhouse Visiting,56,5,4,4,6,34
Dessert House,45,8,53,4,857,23
Moon Light,34,3,4,55,7,25
My BestFriend,3,8,4,3,5,56
Family Bonding,68,3,45,53,74,34
My Story,78,7,3,43,5,2
Dream Place,78,7,3,56,353,565
Love Palace,79,8,4,47,54,6
Rice Fields,7,5,4,47,36,343
Ice Sculpture,7,2,78,58,74,5
Nice Sound,87,4,57,6,764,5
Home,86,9,4,6,65,34
Street of People,76,3,78,5,66,46
Emperor Place,76,9,58,74,76,4
Pengu,7,5,5,64,5,34
